Keyword Stats 2024-11-14 at 13_01_51,,,,,,,,
"November 1, 2023 - October 31, 2024",,,,,,,,
Keyword,Currency,Avg. monthly searches,Three month change,YoY change,Competition,Competition (indexed value),Top of page bid (low range),Top of page bid (high range)
registered dietitian,USD,500,0%,0%,Low,22,3.74,11.37
registered dietitian near me,USD,500,-90%,-90%,Medium,43,3.20,8.52
nutritionists near me,USD,5000,0%,0%,Low,18,2.64,9.03
dietician near me,USD,500,0%,0%,Medium,47,3.82,13.53
nutritionist near me that take insurance,USD,50,0%,0%,Low,17,2.87,8.95
eating disorder dietitian,USD,50,0%,0%,High,70,5.60,12.93
become a nutritionist,USD,50,0%,0%,Medium,57,3.06,6.05
virtual nutritionist,USD,50,0%,0%,Low,7,,
eating disorder nutritionist,USD,50,0%,0%,Medium,65,6.16,12.92
nutrition counseling,USD,50,0%,0%,Low,33,3.62,10.07
registered dietitian nutritionist,USD,50,0%,0%,Low,20,3.97,16.37
nutrition counseling near me,USD,50,0%,0%,Medium,61,4.55,11.84
find a nutritionist,USD,50,0%,0%,Medium,59,8.00,26.95
registered nutritionist,USD,50,0%,0%,Medium,49,3.12,7.74
become a registered dietitian,USD,50,0%,0%,Medium,63,4.05,7.55
nutritionist education,USD,50,0%,0%,Low,27,2.87,7.59
pediatric nutritionist,USD,50,-90%,0%,Low,19,2.55,6.16
pediatric dietitian near me,USD,50,0%,0%,Low,30,3.52,6.48
virtual dietitian,USD,50,0%,0%,Low,20,8.61,31.33
find a nutritionist near me,USD,50,0%,0%,Low,9,3.52,15.50
nutritionist training,USD,50,0%,0%,Medium,41,2.96,8.44
registered dietitian education,USD,50,0%,0%,Medium,52,2.16,5.14
find a dietitian,USD,50,0%,0%,Medium,62,,
nutrition and dietetics,USD,50,0%,0%,Medium,37,4.48,14.34
become a dietitian,USD,50,0%,0%,Medium,48,2.85,6.17
nutritionist program,USD,50,0%,0%,Medium,53,4.01,9.82
nutritionist course,USD,50,-90%,0%,High,74,4.11,10.75
pediatric dietitian,USD,50,0%,0%,Low,33,2.50,8.55
masters in nutrition and dietetics,USD,50,0%,0%,Medium,39,7.28,21.62
intuitive eating,USD,500,0%,0%,Low,23,0.04,3.16
dietician course,USD,50,0%,0%,Low,18,2.66,7.62
registered nutritionist near me,USD,50,0%,0%,Low,4,,
nutrition certification,USD,50,-90%,0%,High,69,3.77,8.67
dietitian nutritionist near me,USD,50,0%,0%,Low,8,3.19,8.73
dietitian education,USD,50,0%,0%,Low,14,,
nutritionist insurance,USD,50,0%,0%,Low,26,,
nutritionist education requirements,USD,50,0%,0%,Low,11,,
nutrition institute,USD,50,-100%,0%,Unknown,,,
dietitian programs near me,USD,50,0%,0%,High,76,3.33,6.47
diet nutritionist,USD,50,0%,0%,Low,3,,
master in nutrition,USD,50,0%,0%,Medium,64,5.17,16.12
nutritionist seattle,USD,500,0%,0%,Medium,35,4.48,14.62
diet help near me,USD,50,∞,0%,High,100,,
medical nutrition therapy,USD,50,0%,0%,Low,9,2.54,7.68
health nutritionist,USD,50,0%,0%,Low,7,,
registered dietitian program,USD,50,0%,0%,Medium,50,3.81,8.80
diet nutritionist near me,USD,50,0%,0%,Medium,50,,
registered dietitian nutritionist near me,USD,50,0%,0%,Low,0,,
nutrition education,USD,50,0%,0%,Low,27,2.87,7.59
menopause nutritionist near me,USD,50,0%,0%,High,83,3.05,7.60
nutritionist dietitian,USD,50,0%,0%,Low,16,4.62,11.58
nourish dietitian,USD,50,0%,0%,Low,29,1.77,9.68
virtual nutrition counseling,USD,50,0%,-100%,Unknown,,,
dietitian training,USD,50,0%,0%,High,86,1.96,8.69
healthy diet,USD,500,0%,0%,Low,16,0.91,4.59
nutrition academy,USD,50,0%,0%,High,100,,
nutrition services near me,USD,50,0%,0%,Low,24,1.57,5.35
healthy food,USD,5000,0%,0%,Medium,60,0.91,6.50
best nutritionist,USD,50,0%,0%,High,69,4.50,13.19
eating healthy,USD,500,0%,0%,Low,17,1.70,7.98
dietitian services,USD,50,0%,0%,Low,0,,
nutrition training program,USD,50,0%,0%,High,75,,
registered dietitian programs near me,USD,50,0%,0%,High,86,,
dietitian program,USD,50,0%,0%,Low,22,2.24,8.23
registered dietitian requirements,USD,50,0%,0%,Low,19,2.02,4.84
nutritionist virtual,USD,50,0%,0%,Low,0,,
the nutrition institute,USD,50,0%,∞,Medium,57,,
intuitive eating dietitian,USD,50,∞,0%,High,67,1.86,13.38
my nutrition,USD,50,0%,0%,High,100,,
eat right,USD,50,0%,0%,Low,2,,
nutrition food,USD,500,0%,0%,Medium,54,0.71,3.78
food nutritionist,USD,50,0%,0%,Low,16,,
food and nutrition,USD,50,0%,0%,Low,6,,
master's in nutrition and dietetics,USD,50,0%,0%,Medium,39,7.28,21.62
good diet,USD,50,0%,0%,Low,20,0.45,1.54
medical nutritionist near me,USD,50,0%,0%,Low,0,,
learn about nutrition,USD,50,0%,0%,Medium,64,1.89,7.46
professional nutritionist,USD,50,0%,0%,Low,24,,
diet and nutrition courses,USD,50,-100%,0%,Unknown,,,
nutritionist services,USD,50,900%,900%,Low,11,3.63,14.43
licensed dietitian nutritionist,USD,50,0%,0%,Low,7,,
health nutritionist near me,USD,50,0%,0%,Low,8,,
nutrition diet,USD,50,0%,0%,Low,16,1.23,4.29
medical nutritionist,USD,50,0%,0%,High,76,,
registered dietitian courses,USD,50,0%,0%,Medium,64,1.94,5.63
health and nutrition,USD,50,0%,0%,Low,10,,
health at every size doctors near me,USD,50,0%,0%,Low,21,,
find a registered dietitian,USD,50,-100%,-100%,Unknown,,,
nutritionist near me for eating disorder,USD,0,0%,0%,Unknown,,,
food diet,USD,50,0%,0%,Medium,46,1.99,6.86
public health nutrition,USD,50,0%,0%,Low,4,,
diet help,USD,50,0%,0%,High,69,3.06,6.83
nutritionist and dietitian near me,USD,50,0%,0%,Low,1,,
nutrition insurance,USD,50,0%,0%,Low,26,,
master in nutrition programs,USD,50,0%,0%,Medium,61,5.69,18.63
menopause nutritionist,USD,50,0%,0%,High,77,1.24,4.44
bachelor's in dietetics,USD,50,0%,0%,Medium,51,2.94,12.54
nutritionist courses near me,USD,50,0%,0%,High,81,3.03,8.27
become a registered nutritionist,USD,50,0%,0%,High,81,2.51,6.75
food counseling near me,USD,50,0%,0%,High,86,7.52,10.48
professional dietitian,USD,50,0%,-100%,Unknown,,,
intuitive eating nutritionist,USD,50,0%,0%,High,81,,
get a nutritionist,USD,50,-100%,-100%,Unknown,,,
dietitian education requirements,USD,50,0%,0%,Low,6,,
nutrition help,USD,50,0%,0%,High,71,4.50,12.87
nutritionist that take insurance,USD,50,0%,0%,High,86,,
ibs nutritionist,USD,50,0%,0%,Low,30,1.61,10.64
eating disorder nutritionists near me,USD,50,0%,0%,Medium,49,7.34,14.01
nourish nutrition,USD,50,0%,0%,Low,29,1.64,14.76
registered dietitian education requirements,USD,50,0%,0%,Low,0,,
masters in nutrition and dietetics requirements,USD,50,0%,0%,High,100,,
ba in nutrition,USD,50,0%,0%,Medium,41,5.01,19.57
nutritionists near me that take insurance,USD,50,0%,0%,Low,17,2.87,8.95
nourish eating disorder,USD,50,0%,-100%,Unknown,,,
good nutrition,USD,50,0%,0%,Low,5,,
registered dietitian eating disorder near me,USD,50,∞,∞,High,100,,
coordinated masters programs in dietetics,USD,50,∞,0%,High,79,8.94,34.52
food counseling,USD,50,∞,0%,Medium,50,4.71,9.70
nutrition schooling,USD,50,0%,0%,Medium,43,3.25,9.98
nutrition first,USD,50,0%,0%,Low,3,,
to become a nutritionist,USD,0,0%,0%,Unknown,,,
virtual dietitian services,USD,50,0%,0%,Low,0,,
nutritionist for menopause near me,USD,0,0%,0%,Unknown,,,
licensed dietitian near me,USD,50,0%,0%,Low,0,,
dietitian eating disorder near me,USD,50,-100%,0%,Unknown,,,
best diet for health,USD,50,0%,0%,Low,32,0.55,4.86
masters degrees in nutrition,USD,50,0%,0%,Medium,64,5.17,16.12
coordinated program in dietetics,USD,50,0%,0%,Medium,57,,
health at every size,USD,500,0%,0%,Low,4,0.54,7.16
best diets 2022,USD,50,∞,∞,Low,5,,
become a certified dietitian,USD,50,0%,0%,Unknown,,,
nutrition university,USD,50,0%,0%,Low,26,,
nutritionist requirements by state,USD,50,∞,∞,Low,14,,
diet and nutrition,USD,50,0%,0%,Low,27,1.54,3.71
find a nutritionist in my area,USD,50,0%,0%,Unknown,,,
nutritionist near me eating disorder,USD,0,0%,0%,Unknown,,,
nutrition consulting,USD,50,0%,0%,Low,31,2.89,6.75
being a nutritionist,USD,50,0%,0%,Medium,57,3.06,6.05
dietetics and nutrition courses,USD,50,-100%,0%,Unknown,,,
ed dietitian,USD,50,0%,∞,High,71,3.38,8.38
dietitian courses near me,USD,50,∞,0%,High,81,4.61,8.23
nutritionist for teens,USD,50,0%,0%,Low,31,1.94,6.19
registered dietitian training,USD,50,0%,0%,High,74,2.65,4.65
masters in nutrition education,USD,50,0%,∞,High,100,,
in home nutritionist near me,USD,50,0%,0%,Unknown,,,
best dietitian and nutritionist near me,USD,50,0%,0%,Low,8,,
fastest way to become a nutritionist,USD,50,0%,0%,Unknown,,,
masters programs in dietetics,USD,50,0%,0%,Medium,54,4.08,15.92
nutrition counseling programs,USD,50,0%,-100%,Unknown,,,
center for nutrition,USD,50,∞,0%,Low,0,,
rd program,USD,50,0%,0%,Medium,33,,
nutritionist plan,USD,50,0%,0%,Medium,58,2.93,12.91
nutritionist graduate programs,USD,50,0%,0%,High,81,6.94,16.05
medical dietitian,USD,50,0%,0%,High,86,,
dietitian near me eating disorder,USD,50,0%,-100%,Unknown,,,
food and health,USD,50,0%,0%,Low,0,,
best registered dietitian near me,USD,50,0%,0%,Low,27,2.19,7.29
nutritionist program near me,USD,50,0%,0%,Medium,48,3.45,9.01
ed nutritionist,USD,50,0%,0%,High,100,,
courses on nutrition and diet,USD,50,0%,-100%,Unknown,,,
dietitian virtual,USD,50,0%,0%,Low,0,,
ibs dietitian,USD,50,0%,0%,Low,30,4.44,11.52
masters in nutrition near me,USD,50,-100%,0%,Unknown,,,
nutritionist accept insurance,USD,0,0%,0%,Unknown,,,
virtual registered dietitian,USD,50,0%,0%,Low,0,,
masters programs in nutrition and dietetics,USD,50,0%,0%,Medium,39,7.28,21.62
best dietitian,USD,50,0%,0%,Medium,57,,
cheap nutritionist near me,USD,50,0%,0%,Low,2,,
courses to become a dietitian,USD,50,0%,-100%,Unknown,,,
programs to become a nutritionist,USD,50,0%,0%,Unknown,,,
registered dietitian graduate programs,USD,50,-100%,-100%,Unknown,,,
masters in medical nutrition,USD,50,0%,-100%,Unknown,,,
see a nutritionist,USD,50,0%,0%,Low,0,,
courses for nutrition and dietetics,USD,, --, --,Unknown,,,
nutritionist with insurance,USD,50,0%,∞,High,86,,
eating disorder registered dietitian,USD,50,0%,0%,Unknown,,,
nutritionist pediatric near me,USD,50,0%,∞,Low,29,,
haes nutritionist near me,USD,50,0%,-100%,Unknown,,,
nutritionist recommended diet,USD,50,0%,-100%,Unknown,,,
diet counseling,USD,50,-100%,-100%,Unknown,,,
nutritional solutions,USD,500,0%,900%,Medium,39,1.26,10.27
disordered eating dietitian,USD,50,0%,∞,High,100,,
become an rd,USD,50,∞,0%,Medium,57,,
requirements for masters in nutrition,USD,50,0%,∞,High,67,2.81,6.64
dietetics near me,USD,500,0%,0%,Medium,38,2.93,10.43
dietitian services near me,USD,50,0%,0%,Low,7,,
seattle dietitian,USD,500,-90%,0%,Medium,41,3.54,12.75
women's health nutritionist near me,USD,50,∞,0%,Medium,64,,
nutrition and dietetics graduate programs,USD,50,0%,0%,Unknown,,,
home health nutrition,USD,50,0%,0%,Unknown,,,
master's in dietetics,USD,50,0%,0%,Medium,54,4.08,15.92
nutritionist for disordered eating,USD,0,0%,0%,Unknown,,,
nutritionist training requirements,USD,50,-100%,-100%,Unknown,,,
nutritionist near me that accept insurance,USD,50,0%,0%,Low,0,,
nutritionist education and training,USD,50,0%,0%,Unknown,,,
master's in nutrition requirements,USD,50,-100%,0%,Unknown,,,
nutritionist near me covered by insurance,USD,50,0%,0%,Low,7,,
women's nutritionist,USD,50,∞,0%,High,86,,
dietitian nutritionist program,USD,50,∞,∞,Medium,57,,
nutritionist by me,USD,50,0%,0%,Unknown,,,
registered dietitian weight loss program near me,USD,50,0%,-100%,Unknown,,,
diet nutritionist courses,USD,50,-100%,0%,Unknown,,,
find dietitian near me,USD,50,0%,0%,Low,9,3.52,15.50
diet counseling near me,USD,50,∞,∞,High,100,,
master in dietitian,USD,50,0%,0%,Medium,54,4.08,15.92
institute for nutrition,USD,50,0%,0%,Unknown,,,
nutritionist take insurance,USD,50,-100%,-100%,Unknown,,,
nutritionist eating disorder near me,USD,50,-100%,-100%,Unknown,,,
best way to become a nutritionist,USD,50,-100%,0%,Unknown,,,
intuitive nutrition,USD,50,0%,0%,Medium,57,,
become a registered dietitian nutritionist,USD,50,0%,0%,Unknown,,,
best virtual nutritionist,USD,50,0%,0%,Low,0,,
masters in nutrition counseling,USD,50,-100%,0%,Unknown,,,
graduate dietetics programs,USD,50,-100%,0%,Unknown,,,
haes nutritionist,USD,50,0%,0%,High,71,,
nutritionist near me insurance,USD,50,0%,0%,Low,27,6.66,22.08
to become a dietitian,USD,50,0%,-100%,Unknown,,,
easiest way to become a nutritionist,USD,0,0%,0%,Unknown,,,
dietitian counseling,USD,50,∞,∞,Low,21,,
healthy body,USD,50,0%,0%,Low,2,,
all about nutrition,USD,50,0%,0%,Low,0,,
registered dietitian in my area,USD,50,0%,0%,Medium,57,,
best nutrition program,USD,50,0%,0%,Medium,36,2.41,22.89
food dietitian,USD,50,0%,0%,Low,14,,
nutrition and dietetics program,USD,50,∞,∞,Medium,57,,
requirements to become a registered dietitian,USD,50,-100%,0%,Unknown,,,
dietitian consulting fees,USD,50,0%,0%,Unknown,,,
dietitian training near me,USD,50,0%,0%,Unknown,,,
nutritionist uni courses,USD,50,0%,0%,Unknown,,,
nutrition doctors,USD,50,-100%,-100%,Unknown,,,
dietitian nutritionist courses,USD,50,-100%,0%,Unknown,,,
nutrition training near me,USD,50,0%,∞,Low,0,,
masters in nutrition dietetics,USD,50,0%,0%,Medium,39,7.28,21.62
medical dietitian near me,USD,50,0%,0%,Low,0,,
top nutritionist,USD,50,0%,0%,Low,0,,
dietitian university,USD,50,-100%,-100%,Unknown,,,
at home nutritionist,USD,50,0%,0%,Unknown,,,
rd nutritionist,USD,50,0%,0%,Low,10,,
top diet,USD,50,0%,0%,Low,29,,
nutritionists for weight loss near me,USD,50,0%,0%,High,93,,
haes dietitian,USD,50,0%,0%,Medium,57,,
the best dietitian near me,USD,50,0%,0%,Low,11,,
find a dietitian in my area,USD,50,0%,-100%,Unknown,,,
food nutrition and dietetics,USD,50,-100%,0%,Unknown,,,
outpatient dietitian,USD,50,∞,0%,Medium,57,,
fastest way to become a registered dietitian,USD,50,∞,∞,High,100,,
nutrition site,USD,50,0%,0%,Medium,37,1.29,6.41
become a licensed dietitian,USD,50,0%,0%,Unknown,,,
in home nutritionist,USD,50,∞,∞,Low,0,,
diet for you,USD,50,0%,0%,Unknown,,,
diet and health,USD,50,∞,0%,Low,0,,
menopause dietitian,USD,50,0%,∞,Medium,52,,
pediatric registered dietitian,USD,50,∞,∞,Medium,50,,
university for nutrition and dietetics,USD,50,0%,0%,Unknown,,,
registered dietitian and nutritionist,USD,50,0%,0%,Low,20,3.97,16.37
me diet,USD,50,0%,0%,Low,14,,
dietitian university courses,USD,50,0%,0%,Unknown,,,
nutritious diet plan,USD,50,0%,0%,High,71,3.62,7.72
nutrition counseling center,USD,, --, --,Unknown,,,
best food diet,USD,500,0%,0%,Medium,61,0.06,3.46
non diet,USD,50,0%,0%,Low,0,,
best nutritionist courses,USD,50,∞,0%,High,79,3.18,5.83
nourish nutrition counseling,USD,50,0%,∞,Medium,57,,
dietitian training requirements,USD,50,∞,0%,Low,5,,
nutritionist for women's health,USD,50,∞,0%,Medium,57,,
dietary counseling near me,USD,50,∞,∞,Medium,50,,
diet and nutritionist near me,USD,50,-100%,0%,Unknown,,,
registered dietitian university,USD,50,-100%,0%,Unknown,,,
best way to eat,USD,50,0%,0%,Low,11,,
eating disorder recovery plan,USD,50,0%,0%,Unknown,,,
learning nutrition for beginners,USD,50,0%,0%,Unknown,,,
dietitian schooling near me,USD,50,0%,0%,Medium,43,2.09,7.03
eating disorder rd,USD,50,-100%,-100%,Unknown,,,
home nutritionist,USD,50,0%,0%,Low,0,,
best eating habits,USD,50,∞,0%,Low,0,,
courses for diet and nutrition,USD,, --, --,Unknown,,,
outpatient dietitian near me,USD,50,0%,0%,Low,9,,
pediatric nutrition near me,USD,50,0%,0%,Low,32,2.49,5.86
professional dietitian near me,USD,50,0%,0%,Low,0,,
registered dietitian qualifications,USD,50,∞,0%,Medium,57,,
find a registered dietitian near me,USD,50,0%,0%,Low,0,,
registered dietitian services,USD,50,0%,∞,High,86,,
nutrition medicine,USD,50,0%,0%,Low,7,,
nutritionist specializing in menopause,USD,50,-100%,0%,Unknown,,,
good food diet,USD,500,0%,0%,Medium,61,0.06,3.46
nutrition counseling services,USD,50,0%,0%,Unknown,,,
women's health dietitian,USD,50,0%,0%,Low,0,,
nutrition specialists near me,USD,50,0%,0%,Medium,33,2.61,9.13
to become a registered dietitian,USD,50,-100%,0%,Unknown,,,
i need help with my diet,USD,50,-100%,-100%,Unknown,,,
courses to become a registered dietitian,USD,50,0%,0%,Unknown,,,
work with a nutritionist,USD,50,∞,0%,Medium,43,,
non diet dietitian near me,USD,50,∞,∞,High,71,,
dietitian education near me,USD,50,0%,0%,Unknown,,,
ba in nutrition and dietetics,USD,50,0%,0%,Medium,43,3.59,11.93
ba nutrition,USD,50,0%,0%,Low,11,,
non diet dietitian,USD,50,∞,0%,Low,21,,
registered dietitian seattle,USD,50,0%,0%,Medium,49,3.09,7.70
registered dietary nutritionist,USD,50,∞,∞,Low,0,,
registered dietitian covered by insurance,USD,50,0%,∞,Low,29,,
registered dietitian course requirements,USD,50,-100%,0%,Unknown,,,
best nutrition diet,USD,50,0%,0%,Low,20,0.45,1.54
difference between nutritionist and dietitian,USD,50,0%,0%,Low,7,0.82,17.29
food nutrition and health,USD,50,∞,0%,Low,19,,
nutrition definition,USD,500,0%,0%,Low,0,,
learn about food and nutrition,USD,50,0%,-100%,Unknown,,,
nutrition and dietetics university,USD,50,-100%,0%,Unknown,,,
childrens nutrition,USD,50,0%,0%,Unknown,,,
food medicine,USD,50,0%,0%,Medium,53,1.53,6.94
intuitive eating training,USD,50,0%,-100%,Unknown,,,
dietitian education and training,USD,50,∞,∞,Low,0,,
education needed for nutritionist,USD,50,0%,0%,Low,11,,
nutritionist for gaining weight,USD,50,0%,0%,High,100,,
top masters in nutrition programs,USD,50,0%,-100%,Unknown,,,
pediatric registered dietitian near me,USD,50,0%,∞,Medium,57,,
nutrition for menopause dietitian,USD,50,0%,0%,Unknown,,,
best diets for 2022,USD,50,0%,0%,Unknown,,,
finding a good nutritionist,USD,50,0%,0%,Unknown,,,
in home dietitian,USD,50,0%,0%,Unknown,,,
dietitian food plan,USD,50,0%,0%,High,89,3.94,12.82
nutrition uni,USD,50,0%,0%,Low,26,,
best dietitian for weight loss near me,USD,0,0%,0%,Unknown,,,
registered nutritionist requirements,USD,50,0%,0%,Low,19,2.02,4.84
health dietitian,USD,50,0%,∞,Medium,50,,
dietitian education needed,USD,50,0%,0%,Low,6,,
diet for good health,USD,50,0%,-100%,Unknown,,,
education to be a nutritionist,USD,50,-100%,0%,Unknown,,,
nutritionist to help gain weight,USD,50,0%,-100%,Unknown,,,
diet eating,USD,50,0%,0%,Low,9,,
crohn's dietitian near me,USD,50,-100%,0%,Unknown,,,
health at every size dietitian near me,USD,50,0%,0%,Unknown,,,
home health dietitian,USD,50,0%,-100%,Unknown,,,
food and nutrition education,USD,50,0%,-100%,Unknown,,,
weight nutritionist,USD,50,0%,-100%,Unknown,,,
nutrition clinics,USD,50,0%,0%,Unknown,,,
nutrition counseling for weight loss near me,USD,50,-100%,0%,Unknown,,,
dietitian diet,USD,50,0%,∞,Low,0,,
intuitive eating programs,USD,50,0%,-100%,Unknown,,,
nutritionist intuitive eating,USD,50,0%,0%,Unknown,,,
crohn's dietitian,USD,50,-100%,-100%,Unknown,,,
contact a nutritionist,USD,50,0%,0%,Unknown,,,
nutrition consulting services,USD,50,0%,-100%,Unknown,,,
i need help with my eating habits,USD,50,∞,∞,Medium,57,,
diet info,USD,50,0%,0%,Low,0,,
nutritionists around me,USD,50,0%,0%,Unknown,,,
dietician plan,USD,500,0%,0%,Medium,55,1.78,9.29
best diet for your body,USD,50,-100%,-100%,Unknown,,,
best dietetics graduate programs,USD,50,0%,0%,Unknown,,,
balanced diet food,USD,50,0%,0%,High,100,,
pediatric nutrition courses,USD,50,∞,∞,High,100,,
nutritionist west seattle,USD,50,0%,0%,Low,19,3.82,8.75
best nutritionist seattle,USD,50,0%,0%,Medium,45,2.74,6.50
nutrition & dietetics,USD,50,0%,0%,Medium,37,4.48,14.34
good food for health,USD,50,0%,0%,Medium,49,0.03,3.24
recommended diet,USD,50,0%,0%,Low,12,,
courses for registered dietitian,USD,50,0%,0%,Medium,64,1.94,5.63
seeing a dietitian,USD,50,0%,∞,Medium,57,,
nutrition packages dietitian,USD,0,0%,0%,Unknown,,,
public health and nutrition,USD,50,0%,0%,Low,4,,
looking for a registered dietitian,USD,50,0%,0%,Unknown,,,
nutritionist near me weight gain,USD,0,0%,0%,Unknown,,,
eating disorder dietitian training,USD,50,0%,0%,Low,29,,
licensed dietitian nutritionist near me,USD,50,0%,0%,Low,0,,
nutrition for adults,USD,50,0%,0%,Low,7,,
creating a diet plan,USD,50,0%,0%,Medium,50,0.83,3.29
eating help,USD,50,0%,∞,Medium,57,,
feel good diet,USD,50,0%,∞,Low,14,,
chelsea nutrition,USD,50,0%,0%,Low,0,,
best nutrition near me,USD,50,0%,0%,Low,18,2.83,9.25
nourish diet,USD,50,0%,∞,Low,29,,
intuitive eating plan,USD,50,0%,0%,Low,29,,
nutritionist health insurance,USD,50,0%,∞,Low,29,,
rd dietitian,USD,50,0%,0%,Medium,33,2.58,8.03
intuitive diet,USD,50,∞,0%,Low,4,,
health and nutrition near me,USD,50,-100%,0%,Unknown,,,
health at every size nutritionist near me,USD,50,0%,0%,Unknown,,,
nutritionist how long does it take to become,USD,50,0%,0%,Unknown,,,
dietitian short courses,USD,50,0%,0%,Unknown,,,
food and nutrition classes,USD,50,0%,0%,Low,0,,
rd graduate programs,USD,50,0%,0%,Unknown,,,
perimenopause nutritionist,USD,50,∞,0%,Medium,43,,
outpatient nutrition counseling,USD,50,∞,∞,High,86,,
counseling dietitian,USD,0,0%,0%,Unknown,,,
non diet approach,USD,50,0%,0%,Low,0,,
nutritionist rates,USD,50,-100%,-100%,Unknown,,,
nutritionist for perimenopause,USD,50,0%,0%,Medium,57,1.75,7.60
right nutrition,USD,50,0%,0%,Low,0,,
nutrition ba,USD,50,∞,∞,Low,0,,
registered dietitian counseling,USD,50,0%,0%,Unknown,,,
dietitian and trainer,USD,50,-100%,0%,Unknown,,,
nutrition questions,USD,50,0%,0%,Low,5,,
diet for life,USD,50,-100%,0%,Unknown,,,
health insurance cover nutritionist,USD,50,0%,0%,Unknown,,,
rd eating disorder,USD,50,0%,-100%,Unknown,,,
nutrition and well being,USD,50,0%,0%,Low,24,,
nutrition support,USD,50,0%,0%,Low,31,3.21,4.17
no diet dietitian,USD,50,-100%,-100%,Unknown,,,
health and nutrition education,USD,50,0%,0%,Unknown,,,
learn about diet and nutrition,USD,50,0%,0%,Unknown,,,
program nutritionist,USD,50,0%,∞,Low,0,,
body building nutritionist,USD,50,0%,0%,Medium,66,1.62,2.65
dietitian to gain weight,USD,50,0%,0%,Low,0,,
nutrition nutritionist,USD,0,0%,0%,Unknown,,,
nutrition by rd,USD,0,0%,0%,Unknown,,,
dietitian menopause,USD,50,0%,0%,Unknown,,,
dietitian help,USD,50,0%,0%,Unknown,,,
rd nutrition counseling,USD,50,0%,0%,Unknown,,,
evidence based nutrition,USD,50,0%,∞,Low,4,,
dietitian diet plan,USD,50,0%,0%,Unknown,,,
eating disorder nutrition counseling,USD,50,∞,0%,Medium,64,,
food nutrition near me,USD,50,0%,-100%,Unknown,,,
dietitian doctors,USD,50,0%,0%,Low,14,,
best diet help,USD,50,0%,0%,Unknown,,,
diet dietitian,USD,50,0%,0%,Unknown,,,
your dietitian,USD,0,0%,0%,Unknown,,,
meeting with a nutritionist,USD,50,∞,∞,High,71,,
masters in food nutrition and dietetics,USD,50,0%,0%,Unknown,,,
dietitian uni courses,USD,50,0%,0%,Unknown,,,
meeting with a dietitian,USD,50,∞,0%,Medium,43,,
diet best,USD,500,0%,0%,Low,28,0.95,4.60
insurance cover nutritionist,USD,50,0%,0%,Low,28,7.36,31.41
your nutritionist,USD,50,-100%,-100%,Unknown,,,
questions for a dietitian,USD,50,0%,0%,Unknown,,,
compassionate nutrition,USD,50,0%,0%,Unknown,,,
food as medicine diet,USD,50,0%,0%,Unknown,,,
find the best diet for me,USD,50,-100%,0%,Unknown,,,
i am a dietitian,USD,50,∞,∞,Low,0,,
find an rd,USD,50,-100%,0%,Unknown,,,
diet and nutrition counseling,USD,50,∞,0%,Low,0,,
nutritionist washington state,USD,50,0%,0%,Medium,49,2.39,18.48
weight management nutritionist,USD,50,0%,0%,Low,14,,
nutrition llc,USD,50,0%,0%,Low,0,,
registered diet,USD,50,0%,-100%,Unknown,,,
best registered dietitian,USD,50,0%,-100%,Unknown,,,
dietary services,USD,50,0%,0%,Low,0,,
first dietitian,USD,50,0%,0%,Unknown,,,
food and nutrition training,USD,50,0%,0%,Unknown,,,
best nutrition doctors,USD,50,0%,0%,Unknown,,,
intuitive dietitian,USD,50,∞,∞,High,71,,
life as a dietitian,USD,50,0%,0%,Unknown,,,
a registered dietitian,USD,50,-100%,0%,Unknown,,,
difference between nutritionist and registered dietitian,USD,50,0%,0%,Low,0,,
my dietitian,USD,50,∞,∞,Low,0,,
intuitive eating registered dietitian,USD,0,0%,-100%,Unknown,,,
difference between a registered dietitian and nutritionist,USD,50,0%,0%,Low,0,,
certified dietitian nutritionist near me,USD,50,0%,0%,Low,0,,
nutritional services,USD,50,900%,900%,Low,11,3.63,14.43
role of nutritionist and dietitian,USD,50,0%,0%,Unknown,,,
registered health nutritionist,USD,0,0%,0%,Unknown,,,
nutritional eating,USD,50,0%,0%,Low,0,,
health nutrition specialist,USD,50,0%,0%,Unknown,,,
difference between a nutritionist and a registered dietitian,USD,50,0%,0%,Low,0,,
diet rd,USD,50,0%,0%,Unknown,,,
role of a registered dietitian,USD,50,0%,-100%,Unknown,,,
i am a nutritionist,USD,0,0%,0%,Unknown,,,
dietitian intuitive eating,USD,50,0%,0%,Unknown,,,
doctors who specialize in nutrition,USD,50,-100%,0%,Unknown,,,
registered dietitian education needed,USD,0,0%,0%,Unknown,,,
peace and nutrition,USD,50,0%,0%,Low,0,,
difference between rd and nutritionist,USD,50,∞,0%,Low,7,,
difference of dietitian and nutritionist,USD,50,∞,∞,Low,0,,
the difference between nutritionist and dietitian,USD,50,0%,0%,Unknown,,,
nutritionist info,USD,50,∞,∞,Low,0,,
the difference between a dietitian and nutritionist,USD,50,0%,∞,Low,0,,
confident nutrition,USD,50,0%,0%,Low,0,,
role of registered dietitian,USD,50,0%,-100%,Unknown,,,
us dietitian,USD,50,0%,0%,Unknown,,,
uw nutritionist,USD,50,900%,0%,Low,5,2.67,10.98
nutritionist specialties,USD,50,0%,0%,Unknown,,,
difference in nutritionist and dietitian,USD,50,0%,0%,Unknown,,,
university of nutrition and dietetics,USD,50,0%,0%,Unknown,,,
well known nutritionist,USD,50,0%,0%,Low,8,,
nutrition consults,USD,50,0%,0%,Low,31,2.89,6.75
nutritionists recommend,USD,50,0%,0%,Medium,37,,
nutritionist profession,USD,50,0%,0%,Unknown,,,
registered dietitian description,USD,50,∞,∞,Low,0,,
nutritionist center,USD,50,0%,0%,Low,0,,
qualified dietitian,USD,50,0%,∞,Low,0,,
intuitive eating counseling,USD,50,0%,0%,High,71,,
dietitian rates,USD,0,0%,0%,Unknown,,,
find a registered nutritionist,USD,, --, --,Unknown,,,
weight neutral nutritionist,USD,50,0%,0%,Unknown,,,
outpatient nutrition services,USD,50,0%,0%,Unknown,,,
dietitian work,USD,50,∞,∞,Low,0,,
difference in dietitian and nutritionist,USD,50,∞,∞,Low,0,,
difference between clinical dietitian and registered dietitian,USD,50,0%,0%,Unknown,,,
nutrition and counseling,USD,50,0%,0%,Low,29,,
registered dietitian washington state,USD,50,0%,0%,Low,18,,
registered d,USD,50,0%,0%,Unknown,,,
health at every size nutritionist,USD,50,0%,-100%,Unknown,,,
dietitian health insurance,USD,50,0%,0%,Unknown,,,
eat right food,USD,50,0%,0%,Unknown,,,
working with a dietitian,USD,50,0%,-100%,Unknown,,,
being a registered dietitian,USD,50,0%,0%,Unknown,,,
feel good dietitian,USD,50,∞,0%,Low,0,,
food and diet,USD,500,0%,0%,High,91,1.54,7.77
reasons to become a dietitian,USD,50,0%,0%,Unknown,,,
working as a dietitian,USD,50,∞,∞,Low,0,,
work of dietitian,USD,0,0%,0%,Unknown,,,
being a dietitian,USD,50,0%,-100%,Unknown,,,
resident dietitian,USD,50,0%,0%,Unknown,,,
dietitian at home,USD,50,0%,-100%,Unknown,,,
best diet sites,USD,50,0%,0%,Unknown,,,
dietitian hours,USD,50,0%,-100%,Unknown,,,
working as a nutritionist,USD,50,0%,-100%,Unknown,,,
best pediatric nutritionist,USD,0,0%,0%,Unknown,,,
pediatric nutritionist education requirements,USD,50,∞,∞,Medium,57,,
uw dietitian,USD,50,0%,0%,Low,7,,
dietitian to dietitian,USD,50,∞,∞,Low,0,,
top dietitian,USD,50,0%,0%,High,100,,
diet management,USD,50,0%,0%,Low,0,,
building a nutrition plan,USD,50,∞,∞,Medium,62,,
top dieticians,USD,50,0%,0%,High,100,,
rd profession,USD,50,0%,-100%,Unknown,,,
relate nutrition,USD,50,0%,-100%,Unknown,,,
registered dietitian what do they do,USD,50,0%,-100%,Unknown,,,
nutritionist are doctors,USD,50,∞,∞,Low,0,,
dietitian meaning,USD,50,0%,0%,Low,0,,
dietitian profession,USD,50,0%,-100%,Unknown,,,
good dietitian,USD,50,0%,0%,Unknown,,,
nutrition counseling questions,USD,50,-100%,0%,Unknown,,,
education of a dietitian,USD,50,0%,0%,Low,14,,
i am nutritionist,USD,50,0%,0%,Unknown,,,
nutrition for me,USD,50,0%,0%,Unknown,,,
eat right find a dietitian,USD,50,∞,∞,Low,7,,
nourish dietitian services,USD,50,0%,0%,Unknown,,,
uw health nutritionist,USD,50,0%,0%,Low,0,,
education requirements for a registered dietitian,USD,50,0%,0%,Low,0,,
registered dietitian nutritionist requirements,USD,50,∞,∞,High,86,,
nutrition health services,USD,0,0%,0%,Unknown,,,
nourish nutrition consulting,USD,50,0%,0%,Unknown,,,
nutritionist work schedule,USD,50,0%,0%,Unknown,,,
nutrition specialties,USD,50,0%,0%,Unknown,,,
dietitian practice,USD,50,∞,0%,Medium,57,,
nutritionist dietitian work,USD,, --, --,Unknown,,,
food peace nutritionist,USD,50,-100%,0%,Unknown,,,
nutritionist background,USD,50,0%,0%,Unknown,,,
outpatient nutrition,USD,50,0%,0%,Low,0,,
education needed to become a dietitian,USD,50,0%,0%,Unknown,,,
food nutrition specialist,USD,50,0%,0%,Unknown,,,
qualities of a dietitian,USD,0,0%,-100%,Unknown,,,
doctors that specialize in nutrition,USD,50,-100%,0%,Unknown,,,
nutrition for every body,USD,0,0%,0%,Unknown,,,
education required to become a dietitian,USD,50,∞,∞,Medium,43,,
eat right plan,USD,0,0%,0%,Unknown,,,
the intuitive dietitian,USD,0,0%,0%,Unknown,,,
med rd,USD,50,0%,0%,Low,0,,
dietitian menu planning,USD,50,0%,0%,High,89,3.94,12.82
health at every size dietitian,USD,50,0%,0%,Medium,52,,
requirements to become registered dietitian,USD,50,-100%,0%,Unknown,,,
nutrition testimonials,USD,50,0%,0%,Unknown,,,
nutritionist covered under insurance,USD,50,0%,0%,Unknown,,,
management dietitian,USD,50,-100%,0%,Unknown,,,
dietitian us,USD,0,0%,0%,Unknown,,,
dietetics specialties,USD,50,0%,0%,Low,0,,
healthy nutritionist,USD,50,∞,∞,Low,0,,
nutrition ed,USD,50,0%,0%,Low,27,2.87,7.59
nutritionist positions,USD,50,-100%,-100%,Unknown,,,
profession of dietetics,USD,50,∞,0%,Low,0,,
eating disorder eating plan,USD,50,0%,0%,Low,20,,
education required to become a nutritionist,USD,50,∞,∞,Low,29,,
dietitian working hours,USD,50,0%,0%,Unknown,,,
joy of nutrition,USD,, --, --,Unknown,,,
registered dietitian consulting fees,USD,50,0%,0%,Unknown,,,
life as a nutritionist,USD,50,0%,0%,Unknown,,,
pediatric rd,USD,50,0%,-100%,Unknown,,,
nutrition and dietetics work,USD,, --, --,Unknown,,,
nutrition me,USD,50,0%,0%,Unknown,,,
about nutrition food,USD,50,0%,0%,Unknown,,,
uw health dietitian,USD,50,∞,∞,Low,0,,
education needed to become a nutritionist,USD,50,∞,∞,Low,29,,
eating wisdom,USD,50,0%,0%,Unknown,,,
insulin resistance nutritionist near me,USD,0,0%,0%,Unknown,,,
chronic illness nutritionist,USD,50,∞,∞,Low,0,,
life nutritionist,USD,50,0%,0%,Medium,46,,
dietitian support,USD,50,0%,0%,Unknown,,,
in good nutrition,USD,50,0%,0%,Unknown,,,
pediatric nutrition counseling,USD,50,0%,-100%,Unknown,,,
about nutrition and dietetics,USD,, --, --,Unknown,,,
qualification to become a nutritionist,USD,50,-100%,-100%,Unknown,,,
all about nutrition and dietetics,USD,, --, --,Unknown,,,
all of nutrition,USD,50,-100%,0%,Unknown,,,
nourish nutrition and health,USD,50,0%,0%,Unknown,,,
registered dietitian logo,USD,50,0%,0%,Unknown,,,
consulting dietitian,USD,50,0%,0%,Low,11,,
dietitian medical terminology,USD,0,0%,0%,Unknown,,,
nutrition at its best,USD,0,0%,0%,Unknown,,,
pediatric nutrition programs,USD,0,0%,0%,Unknown,,,
nutritionist hours,USD,50,0%,0%,Unknown,,,
prerequisites for registered dietitian,USD,50,0%,0%,Low,19,2.02,4.84
rd registered dietitian,USD,50,0%,∞,Low,0,,
method nutrition,USD,50,∞,0%,Low,5,,
medical nutrition program,USD,0,0%,0%,Unknown,,,
responsibility of dietitian,USD,50,∞,0%,Low,0,,
intuitive eating help,USD,50,0%,-100%,Unknown,,,
accredited dietitian,USD,50,0%,-100%,Unknown,,,
diet professionals,USD,50,0%,-100%,Unknown,,,
nutrition professions,USD,50,0%,0%,Low,14,,
nutritionist meaning,USD,500,900%,0%,Low,0,,
dietetics medicine,USD,50,0%,0%,Low,0,,
work of nutrition and dietetics,USD,, --, --,Unknown,,,
nutrition counseling strategies,USD,50,∞,∞,Low,29,,
eat right nutrition,USD,50,0%,0%,Unknown,,,
dietetics with nutrition,USD,50,0%,0%,Medium,37,4.48,14.34
be nutrition llc,USD,0,0%,0%,Unknown,,,
health nutrition care,USD,50,∞,0%,Low,7,,
public health nutritionist education requirements,USD,50,0%,0%,Unknown,,,
uw dietitian program,USD,50,0%,0%,Low,20,1.63,4.74
pediatric nutrition clinic,USD,50,0%,0%,Unknown,,,
health and nutrition training,USD,50,0%,0%,Unknown,,,
best nutrition questions,USD,50,0%,∞,Low,0,,
washington nutrition,USD,50,∞,0%,Low,0,,
registered dietitian job opportunities,USD,0,0%,0%,Unknown,,,
dietary center,USD,50,0%,0%,Low,22,1.06,8.90
pedia nutritionist,USD,50,0%,0%,Unknown,,,
nutrition training for doctors,USD,50,0%,0%,Unknown,,,
well nutritioned,USD,50,0%,0%,Low,29,,
good questions about nutrition,USD,50,0%,0%,Unknown,,,
work nutrition,USD,50,∞,∞,Low,0,,
nutrition consult llc,USD,50,0%,0%,Low,0,,
responsibility of nutritionist,USD,0,0%,0%,Unknown,,,
dietitian recommended diet,USD,50,0%,-100%,Unknown,,,
llc nutrition,USD,50,0%,0%,Low,0,,
short term courses in nutrition,USD,50,∞,∞,High,100,,
difference between food and nutrition and nutrition and dietetics,USD,, --, --,Unknown,,,
professional nutrition consulting,USD,50,0%,0%,Unknown,,,
dietitian plan,USD,500,0%,0%,Medium,55,1.78,9.29
prerequisites for nutrition and dietetics,USD,50,0%,0%,Unknown,,,
nutrition uw,USD,50,0%,0%,Low,0,,
dietitian background,USD,50,0%,0%,Unknown,,,
dietetics coordinated program,USD,50,0%,0%,Medium,57,,
registered dietitian work from home,USD,0,0%,0%,Unknown,,,
nutrition well,USD,50,0%,-100%,Unknown,,,
healthy dieting foods,USD,500,900%,0%,Medium,52,0.89,3.55
non diet nutrition,USD,0,0%,0%,Unknown,,,
sustainable dietitian,USD,50,0%,0%,Unknown,,,
public health nutritionist requirements,USD,50,0%,0%,Unknown,,,
public health dietitian,USD,50,∞,0%,Low,0,,
health education for nutrition,USD,50,0%,-100%,Unknown,,,
nutrition practice,USD,50,0%,0%,Low,7,,
dietitian clinics,USD,50,0%,0%,Low,14,,
so nutritious,USD,50,0%,-100%,Unknown,,,
pediatric nutrition training programs,USD,50,0%,0%,Unknown,,,
registered dietitian specialties,USD,50,-100%,-100%,Unknown,,,
best dietitian programs,USD,50,0%,0%,Medium,43,,
diet questions,USD,50,0%,0%,Low,0,,
public nutritionist,USD,50,0%,0%,Unknown,,,
licensed dietitian requirements,USD,50,0%,0%,Unknown,,,
be your own nutritionist,USD,0,0%,0%,Unknown,,,
registered dietitian positions,USD,50,0%,0%,Low,7,0.12,0.85
dietitian food,USD,50,0%,0%,Low,14,,
together nutrition,USD,0,0%,0%,Unknown,,,
difference between nutrition education and nutrition counseling,USD,50,0%,0%,Unknown,,,
you nutrition,USD,0,0%,0%,Unknown,,,
healthy eating dietitian,USD,50,0%,0%,Unknown,,,
nutrition results,USD,50,0%,-100%,Unknown,,,
a nutritionist eats,USD,50,0%,0%,Unknown,,,
health and nutrition department,USD,, --, --,Unknown,,,
registered dietitian pay,USD,500,-90%,-90%,Low,0,,
feel good eating,USD,50,0%,0%,Unknown,,,
consulting nutritional services,USD,50,0%,0%,Unknown,,,
university of washington dietetics,USD,50,0%,0%,Low,14,,
eat right for,USD,50,-100%,0%,Unknown,,,
questions to ask a dietitian about their job,USD,0,0%,0%,Unknown,,,
food rd,USD,50,0%,0%,Low,13,,
registered dietitian insurance,USD,50,-100%,0%,Unknown,,,
nourish your life,USD,50,∞,∞,Low,0,,
nutrition that works,USD,50,0%,0%,Low,0,,
lifelong nutrition,USD,50,0%,0%,Unknown,,,
questions about food and nutrition,USD,50,0%,0%,Low,5,,
dietitian positions,USD,50,0%,0%,Unknown,,,
im nutrition,USD,50,∞,∞,Low,14,,
the health nutritionist,USD,0,0%,0%,Unknown,,,
neutral nutrition,USD,50,-100%,0%,Unknown,,,
nutrition page,USD,50,0%,0%,Unknown,,,
graduate coordinated program in dietetics,USD,50,-100%,0%,Unknown,,,
the nutrition specialists,USD,0,0%,0%,Unknown,,,
inclusive nutrition,USD,50,0%,0%,Unknown,,,
food nutrition classes,USD,50,0%,-100%,Unknown,,,
haes nutrition,USD,50,0%,0%,High,71,,
life nutrition llc,USD,50,0%,-100%,Unknown,,,
coordinated program dietetics,USD,50,0%,-100%,Unknown,,,
health at every size training,USD,50,0%,0%,Medium,36,,
after nutrition llc,USD,50,0%,0%,Unknown,,,
supervised practice program dietetics,USD,0,0%,0%,Unknown,,,
registered dietitian positions near me,USD,50,0%,0%,Unknown,,,
diet related questions,USD,0,0%,0%,Unknown,,,
nutritionist dietitian logo,USD,50,0%,0%,Unknown,,,
first nutritionist,USD,50,-100%,0%,Unknown,,,
inside health nutrition,USD,0,0%,0%,Unknown,,,
job vacancies for nutrition and dietetics,USD,50,0%,0%,Unknown,,,
questions nutrition,USD,50,0%,0%,Low,5,,
eat to nourish,USD,50,0%,0%,Low,0,,
questions about nutrition and health,USD,0,0%,0%,Unknown,,,
coordinated program,USD,50,∞,∞,Low,0,,
nutrition counseling and education,USD,0,0%,0%,Unknown,,,
diet right nutrition,USD,, --, --,Unknown,,,
intuitive eating support,USD,50,0%,0%,Unknown,,,
trainee dietitian,USD,, --, --,Unknown,,,
nutrition and me,USD,50,0%,-100%,Unknown,,,
nutrition months,USD,50,0%,∞,Low,0,,
best dietitian near me for weight gain,USD,0,0%,0%,Unknown,,,
learn how to eat,USD,50,0%,∞,High,71,,
haes approach to nutrition,USD,0,0%,0%,Unknown,,,
intuitive eating for teens,USD,50,∞,0%,Low,14,,
practice nutrition,USD,50,-100%,0%,Unknown,,,
pedi nutrition,USD,50,-90%,0%,Low,19,2.55,6.16
requirements for nutrition and dietetics,USD,0,0%,0%,Unknown,,,
right diet,USD,50,0%,0%,Low,21,,
food and dietetics,USD,50,0%,0%,Low,14,,
me in nutrition,USD,50,0%,0%,Unknown,,,
nutrition for all,USD,50,0%,0%,Low,0,,
the non diet approach,USD,50,0%,0%,Unknown,,,
best diet to have,USD,50,0%,∞,Low,29,,
best nutrition site,USD,50,0%,0%,High,75,2.13,21.40
uw nutrition program,USD,50,∞,0%,Low,25,,
graduate nutritionist,USD,50,0%,0%,Unknown,,,
website diet,USD,50,0%,0%,Medium,37,,
intuitive eating courses,USD,50,0%,0%,Medium,48,,
management in dietetics,USD,50,-100%,0%,Unknown,,,
my food is health,USD,50,-100%,-100%,Unknown,,,
nutrition based questions,USD,50,∞,∞,Low,0,,
washington state university dietetics,USD,50,0%,0%,Low,0,,
dietitian in nutrition support,USD,50,0%,0%,Unknown,,,
nutr diet,USD,50,0%,0%,Low,16,1.23,4.29
rd registered,USD,50,∞,∞,Low,0,,
womens dietitian,USD,50,∞,∞,Low,0,,
health nutrition and dietetics,USD,, --, --,Unknown,,,
ba in dietetics,USD,50,0%,0%,Medium,51,2.94,12.54
best pediatric dietitian,USD,0,0%,0%,Unknown,,,
the best diet for health,USD,50,0%,0%,Unknown,,,
nutrition your way,USD,50,0%,0%,Unknown,,,
nutrition and food services,USD,50,0%,∞,Low,14,,
position nutrition,USD,50,-100%,-100%,Unknown,,,
nutrition med,USD,50,0%,0%,Low,0,,
nutrition university of washington,USD,50,900%,0%,Low,5,2.67,10.98
evidence based practice in nutrition,USD,50,∞,∞,Low,0,,
health by nutrition,USD,50,0%,0%,Unknown,,,
inclusive diet,USD,50,0%,0%,Unknown,,,
intuitive eating disorder,USD,50,0%,0%,Unknown,,,
nutrition related questions,USD,50,0%,0%,Low,5,,
nutrition & health center,USD,0,0%,0%,Unknown,,,
haes diet,USD,50,∞,0%,Low,0,,
passionate about nutrition,USD,50,0%,0%,Unknown,,,
after nutrition,USD,50,0%,0%,Unknown,,,
get nourish,USD,50,∞,∞,Low,7,,
the non diet diet,USD,50,0%,0%,Unknown,,,
nutrition state,USD,50,∞,∞,Low,0,,
nutrition is medicine,USD,0,0%,0%,Unknown,,,
diet to nourish,USD,, --, --,Unknown,,,
institute of eating management,USD,50,-100%,-100%,Unknown,,,
institute of nutrition and dietetics,USD,, --, --,Unknown,,,
trainee nutritionist,USD,0,0%,0%,Unknown,,,
am dietetics,USD,0,0%,0%,Unknown,,,
real dieticians,USD,50,0%,0%,Low,8,,
nutrition based,USD,50,0%,0%,Unknown,,,
principles of nutrition and dietetics,USD,, --, --,Unknown,,,
dietetics and public health nutrition,USD,, --, --,Unknown,,,
nutritional approach,USD,50,∞,∞,Low,0,,
work from home dietitian,USD,50,∞,0%,Low,0,,
dietitian menu,USD,50,0%,0%,Unknown,,,
become your own nutritionist,USD,0,0%,0%,Unknown,,,
a good nutrition plan,USD,50,0%,0%,Unknown,,,
education in nutrition login,USD,, --, --,Unknown,,,
nutrition and dietetics master,USD,0,0%,0%,Unknown,,,
nutrition and nutrition,USD,50,0%,0%,Unknown,,,
master food nutrition and health,USD,, --, --,Unknown,,,
nutrition health center,USD,50,0%,0%,Unknown,,,
nutrition love,USD,50,0%,0%,Unknown,,,
insulin resistance dietitian,USD,50,-100%,-100%,Unknown,,,
diet and nutrition center,USD,0,0%,0%,Unknown,,,
realistic nutrition,USD,50,0%,0%,Low,0,,
university of washington nutrition program,USD,50,0%,0%,Low,18,,
mch nutrition,USD,50,∞,∞,Low,0,,
evidence based practice nutrition,USD,50,∞,∞,Low,0,,
intuitive feeding,USD,50,∞,∞,Low,14,,
qualifications for nutrition and dietetics,USD,, --, --,Unknown,,,
nutrition health educator,USD,50,0%,0%,Unknown,,,
nutrition m,USD,50,∞,∞,Low,0,,
period nutritionist,USD,50,0%,0%,Low,14,,
w nutrition,USD,50,∞,∞,Low,10,,
western nutrition program,USD,50,∞,∞,Low,0,,
medicinal nutrition,USD,50,0%,0%,High,76,,
nutrition and health questions,USD,0,0%,0%,Unknown,,,
health nutrition food,USD,50,0%,0%,Low,10,,
dietitian uni,USD,50,-100%,-100%,Unknown,,,
diet and you,USD,, --, --,Unknown,,,
dietitian institute,USD,50,0%,0%,Unknown,,,
food and health questions,USD,50,0%,0%,Unknown,,,
joy nutritionist,USD,50,0%,0%,High,75,,
medica nutrition,USD,50,0%,0%,High,76,,
health food doctors,USD,50,∞,∞,Low,0,,
intuitive food,USD,50,0%,0%,Unknown,,,
nutritionist university courses,USD,50,0%,0%,Unknown,,,
universities offering dietetics,USD,, --, --,Unknown,,,
non diet diet,USD,0,0%,0%,Unknown,,,
nutrition what is nutrition,USD,0,0%,0%,Unknown,,,
the real diet,USD,50,0%,0%,Unknown,,,
nutrition for health professionals,USD,0,0%,0%,Unknown,,,
patient food and nutrition services,USD,50,0%,0%,Unknown,,,
nutrition education for doctors,USD,50,0%,0%,Unknown,,,
evidence based nutrition information,USD,0,0%,0%,Unknown,,,
washington state university nutrition,USD,50,0%,0%,Low,3,,
food nutrition and health courses,USD,0,0%,0%,Unknown,,,
use food as medicine,USD,50,∞,∞,High,71,,
practical nutritionist,USD,50,-100%,0%,Unknown,,,
nutri web,USD,50,0%,0%,Medium,37,1.29,6.41
universities that do dietetics,USD,, --, --,Unknown,,,
intuitive eating eating disorder,USD,50,0%,0%,Unknown,,,
food and nourishment,USD,50,0%,0%,Unknown,,,
learn intuitive eating,USD,50,0%,-100%,Unknown,,,
nutrition and medicine,USD,50,0%,0%,Medium,33,,
related to nutrition,USD,0,0%,0%,Unknown,,,
the medical nutrition center,USD,0,0%,0%,Unknown,,,
food nutrition dietetics,USD,0,0%,0%,Unknown,,,
health nutrition center,USD,50,0%,0%,Unknown,,,
the nutrition center,USD,50,0%,-100%,Unknown,,,
medicine and nutrition,USD,50,0%,0%,Low,7,,
intuitive eating how to,USD,50,0%,0%,Low,29,0.04,3.41
nutrition of patients,USD,50,∞,0%,Low,0,,
about diet and nutrition,USD,0,0%,0%,Unknown,,,
food health questions,USD,50,0%,0%,Unknown,,,
graduate dietitian,USD,, --, --,Unknown,,,
insulin resistance nutritionist,USD,50,-100%,0%,Unknown,,,
nutrition education training,USD,50,0%,0%,Unknown,,,
nutritionist eating plan,USD,50,0%,0%,Medium,58,2.93,12.91
dietitian university requirements,USD,, --, --,Unknown,,,
intuitive eating healthy,USD,0,0%,0%,Unknown,,,
eat and right,USD,, --, --,Unknown,,,
food nutrition and,USD,50,0%,0%,Low,6,,
passionate nutrition,USD,50,0%,0%,Low,0,,
disease and nutrition,USD,50,0%,0%,Low,2,,
nutrition education services,USD,50,0%,0%,Unknown,,,
intuitive eating and health at every size,USD,50,-100%,-100%,Unknown,,,
nutrition is health,USD,0,0%,0%,Unknown,,,
food is nutrition,USD,50,0%,0%,Low,6,,
our nutrition,USD,50,0%,0%,Unknown,,,
dietary needs for adults,USD,50,0%,0%,Low,13,,
intuitive eating does it work,USD,50,0%,0%,Unknown,,,
health of nutrition,USD,50,0%,0%,Low,0,,
diet disease,USD,50,0%,0%,Low,2,,
dietitian recommendations,USD,50,∞,∞,Low,0,,
learn to eat right,USD,50,0%,0%,Unknown,,,
medicine through food,USD,50,∞,0%,Low,0,,
questions related to nutrition,USD,0,0%,0%,Unknown,,,
nutrition of diet,USD,0,0%,-100%,Unknown,,,
pediatric nutrition education,USD,0,0%,-100%,Unknown,,,
nutrition right,USD,50,0%,0%,Low,0,,
washington university nutrition,USD,50,-100%,-100%,Unknown,,,
best dietitian for weight gain,USD,0,0%,0%,Unknown,,,
nutrition related to health,USD,50,0%,-100%,Unknown,,,
all in approach eating,USD,50,0%,0%,Unknown,,,
best diet to feel better,USD,50,-100%,0%,Unknown,,,
good body nutrition,USD,0,0%,0%,Unknown,,,
nutrition in health and disease,USD,50,0%,0%,Unknown,,,
she nutrition,USD,50,∞,∞,Low,0,,
all in eating,USD,50,0%,-100%,Unknown,,,
about food and nutrition,USD,50,0%,0%,Unknown,,,
education and nutrition,USD,50,∞,∞,Low,0,,
management nutrition,USD,50,0%,0%,Unknown,,,
food is medicine diet,USD,50,-100%,0%,Unknown,,,
nutrition & food,USD,50,0%,0%,Low,6,,
nutrition for you,USD,50,0%,0%,Unknown,,,
food nutrition food nutrition,USD,, --, --,Unknown,,,
eating and feeding,USD,50,0%,0%,Unknown,,,
eating and nutrition,USD,50,0%,∞,Low,0,,
intuitive eating teens,USD,50,0%,0%,Unknown,,,
about health and nutrition,USD,, --, --,Unknown,,,
relationship between nutrition health and disease,USD,, --, --,Unknown,,,
chronic dieting,USD,50,0%,0%,Low,0,,
nutritional principles,USD,50,0%,0%,Low,0,,
healthy intuitive eating,USD,0,0%,-100%,Unknown,,,
centered nutrition,USD,, --, --,Unknown,,,
nutrition education near me,USD,50,0%,0%,Unknown,,,
intuitive eating approach,USD,50,0%,0%,Unknown,,,
use of nutrition,USD,, --, --,Unknown,,,
nutrition and the body,USD,50,∞,0%,Low,0,,
food nutrition health,USD,50,∞,0%,Low,19,,
eat your nutrition,USD,50,∞,∞,Low,23,,
food diet and nutrition,USD,0,0%,0%,Unknown,,,
site diet,USD,50,0%,0%,Unknown,,,
nutrition nutrition food,USD,50,0%,0%,Low,6,,
intuitive eating gaining weight,USD,50,0%,0%,Unknown,,,
healthy diet questions,USD,50,∞,0%,Low,0,,
i need professional help losing weight,USD,0,0%,0%,Unknown,,,
condition nutrition,USD,50,0%,0%,Unknown,,,
nutrition improvement,USD,50,0%,∞,Low,0,,
intuitive eating for beginners,USD,50,∞,∞,Low,0,,
you are what you eat nutritionist,USD,50,0%,0%,Unknown,,,
healthy nutrition center,USD,50,0%,0%,Unknown,,,
for life nutrition,USD,50,-100%,0%,Unknown,,,
discuss the relationship between food nutrition and health,USD,0,0%,0%,Unknown,,,
eat for nutrition,USD,50,0%,∞,Low,0,,
director of food and nutrition services,USD,50,0%,0%,Low,0,,
my health nutrition,USD,50,0%,0%,Unknown,,,
background about nutrition,USD,, --, --,Unknown,,,
nutrition to health,USD,50,0%,0%,Low,0,,
i eat right,USD,50,0%,0%,Unknown,,,
intuitive eating how to start,USD,50,0%,0%,Unknown,,,
food and nutrition agencies,USD,, --, --,Unknown,,,
nutrition medical terminology,USD,50,-100%,0%,Unknown,,,
nutrition related,USD,50,0%,-100%,Unknown,,,
disease nutrition,USD,50,0%,0%,Low,2,,
nutrition faqs,USD,50,∞,∞,Low,0,,
chelsea diet,USD,0,0%,0%,Unknown,,,
eating management,USD,50,0%,0%,Unknown,,,
nutrition her way,USD,0,0%,0%,Unknown,,,
university that offer nutrition and dietetics,USD,50,∞,∞,High,86,,
evidence based nutrition education,USD,50,0%,0%,Unknown,,,
food and nutrition and health,USD,50,0%,0%,Unknown,,,
gaining weight intuitive eating,USD,50,-100%,-100%,Unknown,,,
nutrition and health food,USD,50,0%,0%,Low,10,,
nutrition for your body,USD,50,0%,-100%,Unknown,,,
well and food,USD,50,0%,0%,Unknown,,,
evidence nutrition,USD,50,0%,0%,Unknown,,,
its diet,USD,50,0%,0%,Unknown,,,
nutrition for us,USD,50,0%,0%,Unknown,,,
best way to learn nutrition,USD,50,0%,0%,Unknown,,,
the nutrition diet,USD,50,0%,0%,Unknown,,,
food and nutrition background,USD,50,-100%,0%,Unknown,,,
intuitive eating questions to ask yourself,USD,50,0%,0%,Unknown,,,
nutrition aspects,USD,50,∞,∞,Low,0,,
eating disorder recovery diet,USD,50,0%,0%,Unknown,,,
nutrition body,USD,50,∞,∞,Low,0,,
healthy diet suggestions,USD,50,0%,-100%,Unknown,,,
health and nutrition services,USD,50,0%,0%,Unknown,,,
the intuitive eating plan,USD,50,0%,0%,Unknown,,,
nutrition and disease management,USD,50,0%,0%,Unknown,,,
food as medicine medicine as food,USD,0,0%,0%,Unknown,,,
nutrition l,USD,50,∞,0%,Low,0,,
nutri diet software,USD,0,0%,0%,Unknown,,,
own nutrition,USD,0,0%,-100%,Unknown,,,
nutrition simple,USD,50,0%,0%,Unknown,,,
nutrition and dietetics questions,USD,, --, --,Unknown,,,
to your health nutrition,USD,0,0%,0%,Unknown,,,
nourish your health,USD,50,0%,0%,Unknown,,,
weight neutral nutrition,USD,50,0%,0%,Unknown,,,
womens health and nutrition,USD,50,-100%,-100%,Unknown,,,
im diet,USD,50,0%,0%,Unknown,,,
division nutrition,USD,0,0%,0%,Unknown,,,
nutritional weight,USD,50,0%,0%,Unknown,,,
nutritional management,USD,50,0%,0%,Low,8,,
what health nutrition,USD,500,0%,0%,Low,12,0.39,2.69
food and health topic,USD,50,0%,0%,Low,21,,
questions on nutrition and dietetics,USD,, --, --,Unknown,,,
am eating too much,USD,50,0%,0%,Medium,38,,
food as nourishment,USD,50,∞,∞,Low,0,,
on diet and health,USD,50,0%,0%,Low,0,,
current nutrition,USD,50,-100%,0%,Unknown,,,
nutrition terminology,USD,50,∞,0%,Low,0,,
nutrition medical term,USD,50,0%,0%,Unknown,,,
special diet for,USD,50,-100%,0%,Unknown,,,
feeling good nutrition,USD,50,0%,-100%,Unknown,,,
for health nutrition,USD,50,0%,-100%,Unknown,,,
wellbeing and nutrition,USD,50,0%,0%,Low,24,,
good nutrition and bad nutrition,USD,50,0%,0%,Unknown,,,
diet nutrition and health,USD,, --, --,Unknown,,,
medicinal eating,USD,50,0%,0%,High,68,1.29,4.77
intuitive eating questions,USD,50,∞,∞,Medium,43,,
medicine is food,USD,50,0%,0%,Medium,53,1.53,6.94
nutrition means what,USD,0,0%,0%,Unknown,,,
all in diet,USD,50,0%,0%,Low,0,,
nutrition and your health,USD,50,0%,0%,Unknown,,,
evidence based eating,USD,50,0%,0%,Unknown,,,
diet at work,USD,50,0%,-100%,Unknown,,,
nutri wellbeing,USD,50,0%,0%,Low,24,,
diet and medicine,USD,50,-100%,0%,Unknown,,,
nutrition education for patients,USD,50,∞,∞,Medium,50,,
diet as medicine,USD,50,-100%,0%,Unknown,,,
health nourishment,USD,0,0%,0%,Unknown,,,
food nutrition university,USD,0,0%,0%,Unknown,,,
eating disorder food plan,USD,50,0%,0%,Low,20,,
help me with my diet,USD,50,∞,∞,Medium,57,,
eating to feel good,USD,50,0%,-100%,Unknown,,,
food that is medicine,USD,50,0%,-100%,Unknown,,,
im eating so much,USD,50,0%,0%,Unknown,,,
nutrition and training,USD,50,0%,-100%,Unknown,,,
eating body,USD,50,∞,∞,Low,0,,
no eat,USD,50,0%,0%,Low,0,,
eat food as your medicine,USD,50,0%,0%,Unknown,,,
ba nutrition and dietetics,USD,50,-100%,0%,Unknown,,,
eat well to feel well,USD,50,0%,0%,Unknown,,,
dietary education,USD,50,0%,0%,Medium,50,,
nutrition is good for health,USD,0,0%,-100%,Unknown,,,
nutritional well being,USD,50,0%,0%,Low,24,,
eating disorder recovery food,USD,50,0%,∞,Low,29,,
food is a medicine,USD,50,0%,0%,Medium,53,1.53,6.94
doctors and nutrition,USD,50,0%,0%,Unknown,,,
nutrition is key,USD,50,-100%,0%,Unknown,,,
food as health,USD,50,∞,∞,Low,0,,
diet related disease,USD,50,0%,0%,Low,3,,
the life nutrition,USD,0,0%,0%,Unknown,,,
body wisdom nutrition,USD,50,0%,∞,Low,29,,
nutrition for everyone,USD,50,0%,-100%,Unknown,,,
health at every size approach,USD,50,0%,0%,Unknown,,,
good nutrition is,USD,50,0%,0%,Unknown,,,
nutrition for well being,USD,0,0%,0%,Unknown,,,
help me to eat,USD,, --, --,Unknown,,,
nutrition of body,USD,50,∞,0%,Low,0,,
nutritionist recommended foods,USD,50,0%,0%,Unknown,,,
food as your medicine,USD,50,∞,0%,Low,0,,
healthy nutrition program,USD,50,0%,0%,Unknown,,,
nutrition health institute,USD,0,0%,0%,Unknown,,,
background for nutrition,USD,50,∞,∞,Low,0,,
virtual diet,USD,50,0%,-100%,Unknown,,,
struggling with nutrition,USD,0,0%,0%,Unknown,,,
diet terminology,USD,50,0%,-100%,Unknown,,,
focus nutritional medicine,USD,, --, --,Unknown,,,
see diet,USD,50,0%,0%,Unknown,,,
management of nutrition,USD,0,0%,0%,Unknown,,,
haes approach,USD,50,0%,0%,Low,0,,
health and nutrition center,USD,50,0%,∞,Low,0,,
eating with confidence,USD,50,0%,0%,Unknown,,,
food and its nutrition,USD,50,0%,-100%,Unknown,,,
all the nutrition,USD,50,∞,0%,Low,0,,
the method nutrition,USD,0,0%,0%,Unknown,,,
understanding diet and nutrition,USD,50,0%,0%,Unknown,,,
diet concerns,USD,50,∞,0%,Low,0,,
division of nutrition,USD,0,0%,0%,Unknown,,,
im eating too much,USD,50,-100%,0%,Unknown,,,
making a nutrition plan,USD,50,0%,0%,Unknown,,,
eating for your body,USD,50,∞,0%,Low,0,,
public health diet,USD,, --, --,Unknown,,,
medicine diet,USD,50000,0%,0%,Medium,37,0.52,4.26
food is best medicine,USD,50,-100%,-100%,Unknown,,,
eating no,USD,50,0%,0%,Low,0,,
intuitive eating and insulin resistance,USD,0,0%,0%,Unknown,,,
haes principles,USD,50,0%,0%,Low,2,,
nutrition key,USD,50,-100%,0%,Unknown,,,
the good nutrition,USD,50,0%,0%,Unknown,,,
food nutrition education,USD,50,0%,-100%,Unknown,,,
diet love,USD,50,0%,0%,Unknown,,,
eating too little,USD,50,-100%,0%,Unknown,,,
eating a diet,USD,50,0%,0%,Low,9,,
diet needs,USD,50,0%,0%,Low,0,,
i eat too much food,USD,50,0%,0%,Low,0,,
through diet,USD,50,0%,0%,Unknown,,,
eating and health,USD,50,0%,0%,Unknown,,,
i am eating too much,USD,50,0%,0%,Medium,38,,
health nutrition and food,USD,50,∞,0%,Low,19,,
peace with food,USD,50,∞,0%,Low,14,,
anorexia menu,USD,0,0%,0%,Unknown,,,
eating is good,USD,0,0%,0%,Unknown,,,
eating no food,USD,50,0%,0%,Unknown,,,
principles of health at every size,USD,50,0%,-100%,Unknown,,,
health nutrition diet,USD,50,0%,0%,Low,18,,
diet plan means,USD,50,-100%,-100%,Unknown,,,
nutrition and feeding,USD,50,0%,0%,Low,14,,
about food and health,USD,, --, --,Unknown,,,
food and chronic disease,USD,50,0%,0%,Unknown,,,
own it nutrition,USD,50,0%,0%,Unknown,,,
eating to little,USD,50,0%,-100%,Unknown,,,
nutrition based diet,USD,50,0%,0%,Unknown,,,
health & nutrition center,USD,50,0%,∞,Low,0,,
diet and diet,USD,5000,900%,900%,Low,18,1.25,5.79
diet related chronic disease,USD,50,0%,-100%,Unknown,,,
food and your health,USD,50,∞,∞,Low,0,,
long nutrition,USD,0,0%,0%,Unknown,,,
results of good nutrition,USD,0,0%,0%,Unknown,,,
diet for chronic disease,USD,50,0%,0%,Low,0,,
its nutrition,USD,50,0%,0%,Unknown,,,
education and diet,USD,50,0%,0%,Unknown,,,
health diet and nutrition,USD,50,0%,0%,Medium,49,,
a good nutrition,USD,50,0%,0%,Unknown,,,
nutrition evidence,USD,50,0%,0%,Unknown,,,
diet nutrition center,USD,0,0%,0%,Unknown,,,
support diet,USD,0,0%,0%,Unknown,,,
be good nutrition,USD,, --, --,Unknown,,,
diet page,USD,50,0%,0%,Unknown,,,
disease and diet,USD,50,0%,0%,Low,2,,
best way of eating for health,USD,50,-100%,-100%,Unknown,,,
nutrition no,USD,50,0%,0%,Unknown,,,
diet out,USD,50,0%,-100%,Unknown,,,
nutrition term,USD,50,0%,∞,Low,0,,
we are on diet,USD,0,0%,0%,Unknown,,,
nutrition in the us,USD,50,∞,0%,Low,0,,
proper way of achieving good nutrition and proper diet,USD,0,0%,0%,Unknown,,,
background nutrition,USD,50,∞,∞,Low,0,,
good for body,USD,50,0%,0%,Low,0,,
nutrition and chronic disease,USD,50,∞,∞,Low,0,,
eat your health,USD,50,0%,0%,Unknown,,,
food and our health,USD,50,0%,0%,Unknown,,,
nutrition education programme,USD,50,∞,0%,High,100,,
food nutrition food,USD,50,0%,0%,Low,6,,
good food nutrition,USD,50,-100%,0%,Unknown,,,
intuitive eating without gaining weight,USD,50,∞,∞,Low,0,,
nutritionist suggested diet,USD,50,0%,-100%,Unknown,,,
nutrition in our body,USD,50,0%,-100%,Unknown,,,
nutritious and healthy,USD,50,0%,0%,Low,0,,
nutritious eating,USD,50,0%,0%,Low,0,,
healthy eating principle,USD,50,0%,-100%,Unknown,,,
nutrition education strategies,USD,0,0%,0%,Unknown,,,
get your diet,USD,50,0%,0%,Unknown,,,
help eat,USD,50,0%,∞,Medium,57,,
helps in good nutrition,USD,, --, --,Unknown,,,
nutrition at work,USD,50,-100%,0%,Unknown,,,
nutrition education plan,USD,50,0%,0%,Unknown,,,
i eat to feel better,USD,0,0%,0%,Unknown,,,
i feel like im eating too much,USD,0,0%,-100%,Unknown,,,
good nutrition for good health,USD,500,0%,0%,Low,12,0.68,3.81
nutri eat,USD,50,0%,0%,Low,0,,
good for eating,USD,50,-100%,0%,Unknown,,,
information diets,USD,50,0%,0%,Low,0,,
nutrition strategies,USD,50,0%,-100%,Unknown,,,
the best food diet,USD,50,0%,0%,Unknown,,,
method of nutrition education,USD,50,0%,0%,Unknown,,,
right eating habits,USD,50,0%,0%,Low,15,0.38,9.84
nutrition services program,USD,50,0%,0%,Unknown,,,
we eat what we are,USD,50,-100%,0%,Unknown,,,
food and the body,USD,50,0%,0%,Low,0,,
learn eating,USD,50,∞,∞,Low,0,,
best diet for life,USD,50,0%,0%,High,93,,
body health diet,USD,50,0%,∞,High,100,,
a health diet,USD,50,0%,0%,Low,1,,
current eating habits,USD,0,0%,0%,Unknown,,,
diet recovery,USD,50,0%,0%,Low,0,,
eating a nutritious diet,USD,50,-100%,0%,Unknown,,,
nutrition concerns,USD,50,∞,0%,Low,0,,
health education on diet,USD,50,0%,-100%,Unknown,,,
food and your body,USD,50,-100%,0%,Unknown,,,
for your diet,USD,50,0%,∞,Low,0,,
the nutrition plan,USD,, --, --,Unknown,,,
food peace,USD,50,0%,-100%,Unknown,,,
adults diet,USD,50,∞,∞,Low,0,,
nutrition in practice,USD,50,0%,0%,Unknown,,,
a good nutrition diet,USD,50,0%,0%,Low,14,,
good nourishment,USD,50,0%,0%,Unknown,,,
manage diet,USD,50,0%,0%,Unknown,,,
health and nutrition university courses,USD,, --, --,Unknown,,,
eating a good diet,USD,50,0%,0%,Medium,58,1.45,4.21
im eating,USD,50,-100%,-100%,Unknown,,,
chronic nutrition,USD,50,∞,∞,Low,0,,
diet for all,USD,50,0%,0%,Unknown,,,
eating way,USD,50,0%,0%,Low,0,,
health through food,USD,50,0%,-100%,Unknown,,,
we eat too much food,USD,0,0%,0%,Unknown,,,
nutrition building,USD,50,-100%,-100%,Unknown,,,
healthy and nutritious diet,USD,50,0%,0%,Low,18,,
in our diet,USD,0,0%,0%,Unknown,,,
my eating,USD,50,0%,0%,Low,0,,
eat to health,USD,50,0%,0%,Low,0,,
doctors who use food as medicine,USD,0,0%,0%,Unknown,,,
healthy diet what is it,USD,0,0%,0%,Unknown,,,
dietary patterns,USD,50,0%,0%,Low,0,,
each diet,USD,50,0%,0%,Unknown,,,
healthy eating adults,USD,50,-100%,0%,Unknown,,,
nutritious food and well being,USD,, --, --,Unknown,,,
right way to eat,USD,50,0%,0%,Unknown,,,
in my diet,USD,50,-100%,0%,Unknown,,,
good nutritious diet,USD,50,0%,0%,Low,0,,
healthiness of food,USD,5000,0%,0%,Medium,60,0.91,6.50
diet well,USD,0,0%,0%,Unknown,,,
eating too,USD,50,0%,∞,Low,0,,
medical nutrition center,USD,0,0%,0%,Unknown,,,
healthy nutritional diet,USD,50,0%,0%,Low,18,,
best uni for dietetics,USD,50,-100%,0%,Unknown,,,
good diet for,USD,50,0%,0%,Unknown,,,
way of eating,USD,50,0%,0%,Low,0,,
weight inclusivity,USD,50,0%,0%,Low,0,,
about good nutrition,USD,0,0%,0%,Unknown,,,
evidence based diet,USD,50,∞,0%,Low,0,,
state university offering nutrition and dietetics,USD,, --, --,Unknown,,,
a nutritious diet,USD,50,∞,0%,Low,5,,
well diet,USD,50,-100%,-100%,Unknown,,,
diet eating healthy,USD,50,0%,0%,Medium,58,1.45,4.21
healthy diet principles,USD,50,∞,∞,Low,0,,
my diet is,USD,50,0%,0%,Unknown,,,
best eating diet,USD,0,0%,0%,Unknown,,,
best nutrition for health,USD,50,∞,∞,Low,25,,
diet to help,USD,50,0%,0%,High,69,3.06,6.83
nutrition quality of life,USD,50,∞,∞,Low,0,,
i have a diet,USD,50,-100%,0%,Unknown,,,
eating patterns,USD,50,-100%,-100%,Unknown,,,
university diet,USD,50,0%,0%,Unknown,,,
diet medical,USD,50,0%,0%,Low,21,,
women in nutrition,USD,50,∞,∞,Low,0,,
give me a good diet,USD,50,∞,∞,Medium,57,,
teenagers eating,USD,50,0%,0%,Low,0,,
all food diet,USD,50,0%,0%,Unknown,,,
diet approach,USD,50,∞,∞,Low,0,,
food & diet,USD,500,0%,0%,High,91,1.54,7.77
good for your diet,USD,50,0%,0%,Unknown,,,
food health care,USD,50,∞,0%,Low,0,,
way to eat,USD,50,0%,0%,Low,0,,
diet for good body,USD,0,0%,0%,Unknown,,,
health at all sizes,USD,50,0%,0%,Low,0,,
diet for patients,USD,50,∞,0%,Low,0,,
me on diet,USD,0,0%,0%,Unknown,,,
nutrition food diet,USD,0,0%,0%,Unknown,,,
public health and food,USD,50,∞,∞,Low,0,,
focus on diet,USD,0,0%,0%,Unknown,,,
healthy diet for body,USD,50,0%,∞,High,100,,
nutrition for chronic disease,USD,50,0%,0%,Unknown,,,
the best way to eat,USD,50,0%,-100%,Unknown,,,
best diet for your health,USD,50,0%,0%,Unknown,,,
eating to eat,USD,50,0%,-100%,Unknown,,,
i have diet,USD,50,-100%,0%,Unknown,,,
nutrition health program,USD,50,0%,0%,Unknown,,,
the food diet,USD,50,0%,0%,Unknown,,,
health at every size model,USD,50,0%,-100%,Unknown,,,
right eating,USD,50,-100%,0%,Unknown,,,
eating strategies,USD,50,0%,0%,Unknown,,,
health and every size,USD,50,0%,0%,Unknown,,,
food should be your medicine,USD,50,0%,0%,Unknown,,,
healthy diet healthy diet,USD,500,0%,0%,Low,18,1.50,6.41
healthy diet help,USD,50,0%,0%,Unknown,,,
improving diet and nutrition,USD,50,0%,-100%,Unknown,,,
diet is my health,USD,, --, --,Unknown,,,
find diet,USD,50,0%,0%,Unknown,,,
help to eat,USD,50,∞,∞,Medium,36,,
haes health at every size,USD,50,-100%,-100%,Unknown,,,
right way to eat food,USD,50,-100%,0%,Unknown,,,
nutrition what to eat,USD,50,0%,0%,Unknown,,,
health education for diet,USD,, --, --,Unknown,,,
her nutrition,USD,50,∞,∞,High,100,,
nourish yourself,USD,50,0%,∞,Low,0,,
nutrition based food,USD,50,0%,0%,Unknown,,,
best way to eat food,USD,50,-100%,0%,Unknown,,,
diet for body,USD,50,-100%,-100%,Unknown,,,
food and nutrition graduate programs,USD,50,0%,0%,High,81,6.94,16.05
eating to nourish your body,USD,50,0%,0%,Unknown,,,
highly nutritious diet,USD,50,0%,0%,Unknown,,,
learning how to diet,USD,50,0%,∞,Medium,43,,
nutrition and recovery,USD,50,0%,0%,High,79,,
recommended diet for,USD,50,-100%,0%,Unknown,,,
diet making,USD,50,0%,0%,Unknown,,,
food neutral,USD,50,0%,0%,Low,0,,
healthy food healthy diet,USD,500,900%,0%,Medium,52,0.89,3.55
help with my diet,USD,50,∞,∞,Medium,57,,
medicinal diet,USD,50,0%,0%,Low,21,,
way of eating food,USD,50,0%,0%,Unknown,,,
d iet,USD,5000,900%,900%,Low,18,1.25,5.79
eating too much food,USD,50,0%,0%,Low,0,,
good food and health,USD,0,0%,0%,Unknown,,,
best diet healthy,USD,50,0%,0%,Low,32,0.55,4.86
healthy diet for patients,USD,50,0%,0%,Unknown,,,
diet health food,USD,500,900%,0%,Medium,52,0.89,3.55
eating nutritious foods,USD,500,0%,0%,High,89,0.06,3.00
food eating habits,USD,50,0%,0%,Unknown,,,
my health diet,USD,0,0%,0%,Unknown,,,
the good diet,USD,50,0%,0%,Medium,52,0.91,3.29
good for your body,USD,50,0%,0%,Low,0,,
a health food,USD,50,-100%,0%,Unknown,,,
eat what you eat,USD,50,0%,0%,Unknown,,,
every how many hours should you eat,USD,50,-100%,0%,Unknown,,,
foods to eat to maintain a healthy lifestyle,USD,50,0%,0%,Unknown,,,
health education diet,USD,, --, --,Unknown,,,
healthy diet for life,USD,50,∞,∞,Low,0,,
nutrition division,USD,0,0%,0%,Unknown,,,
diet improvements,USD,50,0%,0%,High,86,,
the best eating plan,USD,50,0%,0%,Unknown,,,
we eat too much,USD,50,0%,0%,Unknown,,,
best and body,USD,50,0%,0%,Unknown,,,
eat hea,USD,500,0%,0%,Low,17,1.70,7.98
diet to feel good,USD,50,0%,-100%,Unknown,,,
eating for wellbeing,USD,0,0%,-100%,Unknown,,,
food for your body,USD,50,-100%,0%,Unknown,,,
health education about diet,USD,50,0%,-100%,Unknown,,,
improving your diet,USD,50,∞,0%,Low,7,,
diet based,USD,0,0%,0%,Unknown,,,
education about food,USD,50,0%,0%,Low,5,,
food diet for,USD,50,0%,-100%,Unknown,,,
particular diet,USD,0,0%,0%,Unknown,,,
health nutrition program,USD,50,0%,0%,Unknown,,,
for you to eat,USD,50,0%,0%,Unknown,,,
health and food services,USD,50,∞,0%,Low,0,,
pediatric nutrition support,USD,50,∞,∞,Low,14,,
you should eat well,USD,, --, --,Unknown,,,
the right way to eat,USD,50,0%,-100%,Unknown,,,
eat for food,USD,50,0%,0%,Unknown,,,
i eat too little,USD,50,-100%,0%,Unknown,,,
us eating,USD,50,∞,∞,Low,21,,
about eating habits,USD,, --, --,Unknown,,,
eating teens,USD,50,0%,-100%,Unknown,,,
healthy healthy diet,USD,500,0%,0%,Low,18,1.50,6.41
building a diet,USD,50,0%,0%,Medium,61,0.74,6.14
difference between dieting and eating healthy,USD,0,0%,0%,Unknown,,,
eat health food,USD,50,0%,0%,Medium,37,0.07,1.42
food eat healthy,USD,500,900%,900%,High,77,0.04,1.54
getting started on a diet,USD,50,-100%,0%,Unknown,,,
questions about eating,USD,50,0%,-100%,Unknown,,,
health health food,USD,5000,0%,0%,Medium,60,0.91,6.50
food and our body,USD,50,-100%,0%,Unknown,,,
food for your health,USD,50,∞,∞,Low,0,,
khane ki diet,USD,, --, --,Unknown,,,
nutrition solutions llc,USD,50,0%,0%,Unknown,,,
nutritive center,USD,50,0%,0%,Low,0,,
diet and wellbeing,USD,0,0%,0%,Unknown,,,
nutritious food for adults,USD,0,0%,0%,Unknown,,,
ll diet,USD,0,0%,0%,Unknown,,,
without eating,USD,50,0%,0%,Unknown,,,
eating for your,USD,50,0%,0%,Unknown,,,
eating heal,USD,500,0%,0%,Low,17,1.70,7.98
way eat,USD,50,0%,0%,Low,0,,
eating good,USD,50,0%,0%,Low,0,,
good diet for good health,USD,50,0%,0%,Low,32,0.55,4.86
diet you,USD,0,0%,0%,Unknown,,,
nutritionist menu plan,USD,50,0%,0%,High,77,4.50,10.93
eat diet food,USD,50,0%,0%,Unknown,,,
for good health what to eat,USD,, --, --,Unknown,,,
best health nutrition,USD,50,0%,0%,Unknown,,,
high quality diet,USD,50,∞,∞,High,67,,
eating good food,USD,50,0%,0%,Low,20,,
healthy food healthy food healthy food healthy food,USD,, --, --,Unknown,,,
all about diet,USD,0,0%,0%,Unknown,,,
diet in the us,USD,50,0%,0%,Low,3,,
on my diet,USD,50,0%,0%,Unknown,,,
diet healthy diet,USD,500,0%,0%,Low,18,1.50,6.41
competent eating,USD,50,-100%,-100%,Unknown,,,
diet first,USD,50,0%,∞,Low,0,,
healthy diet for ladies,USD,50,0%,0%,Medium,37,0.93,4.50
way of eating diet,USD,50,0%,-100%,Unknown,,,
creating a diet,USD,50,0%,0%,Medium,43,,
diet and me,USD,50,-100%,0%,Unknown,,,
diet with me,USD,0,0%,0%,Unknown,,,
nutritional condition,USD,50,0%,0%,Unknown,,,
food are good,USD,50,0%,0%,Medium,47,,
making diet,USD,50,0%,0%,Unknown,,,
nutrition recovery,USD,50,0%,0%,High,79,,
balanced diet items,USD,0,0%,0%,Unknown,,,
diet body,USD,50,-100%,-100%,Unknown,,,
healthy eating and wellbeing,USD,, --, --,Unknown,,,
methodology of nutrition,USD,, --, --,Unknown,,,
best diet for chronic illness,USD,50,0%,0%,Unknown,,,
diet started,USD,50,0%,0%,Medium,54,0.93,4.32
eating right means,USD,50,0%,0%,Unknown,,,
nutrition what your body needs,USD,50,-100%,-100%,Unknown,,,
diet top,USD,50,0%,0%,Low,29,,
good food for your body,USD,50,0%,0%,Medium,36,,
diet for diet,USD,5000,900%,900%,Low,18,1.25,5.79
nutrition in medical education,USD,0,0%,0%,Unknown,,,
i eat good,USD,50,0%,0%,Unknown,,,
diet women's health,USD,50,∞,∞,Medium,57,,
ellyn satter eating competence,USD,50,0%,∞,Low,0,,
food for our body,USD,0,0%,0%,Unknown,,,
hows my diet,USD,0,0%,0%,Unknown,,,
diet no eating,USD,50,0%,∞,Low,0,,
nutritious food to eat,USD,50,-100%,-100%,Unknown,,,
current diet,USD,50,0%,0%,Unknown,,,
good for your health,USD,50,∞,0%,Low,6,,
eating on body,USD,, --, --,Unknown,,,
food is good for you,USD,50,0%,0%,Medium,49,0.03,3.24
in diet what should we eat,USD,, --, --,Unknown,,,
in diet what we have to eat,USD,, --, --,Unknown,,,
best food for our health,USD,50,-100%,-100%,Unknown,,,
i feel like i eat too much,USD,50,∞,∞,Low,0,,
reviews of what the health,USD,50,0%,0%,Low,3,,
nutrition you,USD,50,0%,-100%,Unknown,,,
this is good for health,USD,50,0%,0%,Unknown,,,
good food and good health,USD,0,0%,0%,Unknown,,,
i am what i eat,USD,50,0%,-100%,Unknown,,,
pedia nutrition,USD,50,-90%,0%,Low,19,2.55,6.16
best thing for your body,USD,50,0%,0%,Unknown,,,
best diet for a,USD,50,0%,0%,Low,14,,
best food for health body,USD,50,0%,∞,Low,0,,
state nutrition programs,USD,50,-100%,0%,Unknown,,,
feeding adults,USD,50,-100%,-100%,Unknown,,,
teenage dieting,USD,50,0%,0%,Low,30,0.68,4.17
diet in health and disease,USD,0,0%,-100%,Unknown,,,
we are nutrition,USD,50,0%,0%,Unknown,,,
food to health,USD,50,0%,0%,Low,0,,
food diet and health,USD,50,0%,0%,Unknown,,,
a diet food,USD,50,0%,∞,Medium,57,,
having diet,USD,50,∞,∞,Low,0,,
diet heal,USD,500,0%,0%,Low,16,0.91,4.59
food and well being,USD,50,-100%,-100%,Unknown,,,
food for nourishment,USD,50,0%,0%,Unknown,,,
food to eat to feel better,USD,50,∞,∞,Low,0,,
eat to right,USD,, --, --,Unknown,,,
chronic disease and diet,USD,50,0%,0%,Low,0,,
women eat,USD,50,0%,0%,Low,0,,
good food for good health,USD,50,0%,0%,Medium,49,0.03,3.24